team,elo,sb_win_prob
NE,1686.8346855523691,0.3969427354089021
SEA,1759.4869636661226,0.6030572645910979
